[{
  "header": "YouTube",
  "title": "Searched for rachmaninoff",
  "titleUrl": "https://www.youtube.com/results?search_query\u003drachmaninoff",
  "time": "2021-10-03T17:06:24.077Z",
  "products": ["YouTube"]
},{
  "header": "YouTube",
  "title": "Searched for rachmaninof",
  "titleUrl": "https://www.youtube.com/results?search_query\u003drachmaninof",
  "time": "2021-10-03T17:06:15.151Z",
  "products": ["YouTube"]
},{
  "header": "YouTube",
  "title": "Searched for ghibli music",
  "titleUrl": "https://www.youtube.com/results?search_query\u003dghibli+music",
  "time": "2021-10-03T17:03:43.882Z",
  "products": ["YouTube"]
},{
  "header": "YouTube",
  "title": "Searched for ghibli music",
  "titleUrl": "https://www.youtube.com/results?search_query\u003dghibli+music",
  "time": "2021-10-03T16:31:54.996Z",
  "products": ["YouTube"]
},{
  "header": "YouTube",
  "title": "Searched for lofi hip hop",
  "titleUrl": "https://www.youtube.com/results?search_query\u003dlofi+hip+hop",
  "time": "2021-10-03T11:37:50.940Z",
  "products": ["YouTube"]
},{
  "header": "YouTube",
  "title": "Searched for my universe coldplay bts",
  "titleUrl": "https://www.youtube.com/results?search_query\u003dmy+universe+coldplay+bts",
  "time": "2021-10-02T20:55:18.553Z",
  "products": ["YouTube"]
},{
  "header": "YouTube",
  "title": "Searched for LVMH ",
  "titleUrl": "https://www.youtube.com/results?search_query\u003dLVMH+",
  "time": "2021-10-02T07:52:17.372Z",
  "products": ["YouTube"]
},{
  "header": "YouTube",
  "title": "Searched for LVMH docu",
  "titleUrl": "https://www.youtube.com/results?search_query\u003dLVMH+docu",
  "time": "2021-10-02T07:51:07.879Z",
  "products": ["YouTube"]
},{
  "header": "YouTube",
  "title": "Searched for bernard arnault bio",
  "titleUrl": "https://www.youtube.com/results?search_query\u003dbernard+arnault+bio",
  "time": "2021-10-02T07:35:28.304Z",
  "products": ["YouTube"]
},{
  "header": "YouTube",
  "title": "Searched for personnage histoire docu",
  "titleUrl": "https://www.youtube.com/results?search_query\u003dpersonnage+histoire+docu",
  "time": "2021-10-02T07:20:49.495Z",
  "products": ["YouTube"]
},{
  "header": "YouTube",
  "title": "Searched for hugo décrypt",
  "titleUrl": "https://www.youtube.com/results?search_query\u003dhugo+d%C3%A9crypt",
  "time": "2021-10-02T07:19:50.764Z",
  "products": ["YouTube"]
}]